year_month,R_to_party_centroid,R_to_global_centroid,R_difference,R_p_value,R_num_speeches,D_to_party_centroid,D_to_global_centroid,D_difference,D_p_value,D_num_speeches
2000-12,0.8321516513824463,0.8258506655693054,0.006300985813140869,0.031763384573621316,17.0,0.759779155254364,0.7407552599906921,0.019023895263671875,0.05161725963687768,11.0
2002-10,0.8003711104393005,0.7927144765853882,0.0076566338539123535,0.20323498332001147,13.0,0.765380859375,0.7613624334335327,0.004018425941467285,0.2066891449332475,23.0
2005-01,0.7809129357337952,0.7727958559989929,0.008117079734802246,0.028396171448684806,17.0,0.7557971477508545,0.7470073103904724,0.00878983736038208,0.4042646285417384,12.0
2005-02,0.7847978472709656,0.7774274945259094,0.007370352745056152,0.02299389258883305,21.0,0.7816677093505859,0.7771636247634888,0.004504084587097168,0.12348275179887047,21.0
2008-03,0.7946361899375916,0.7818912863731384,0.012744903564453125,0.009255762176281641,30.0,0.782634437084198,0.7788483500480652,0.0037860870361328125,0.05199011901131854,56.0
