year_month,R_to_party_centroid,R_to_global_centroid,R_difference,R_p_value,D_to_party_centroid,D_to_global_centroid,D_difference,D_p_value
1999-01,0.8515827059745789,0.8360499739646912,0.015532732009887695,0.3500319561241966,0.7255171537399292,0.6648336052894592,0.06068354845046997,0.13420089529820625
2006-01,0.8514230847358704,0.6443992257118225,0.20702385902404785,0.3500693962787102,0.883557140827179,0.8795601725578308,0.0039969682693481445,0.01953709243733531
